--
-- Dumping data for table `available`
--

INSERT INTO `available` (`id`, `username`, `currency_name`, `amount`, `updated_at`) VALUES
(2, 'test2', 'EUR', '69.949', '2018-06-14 17:11:36'),
(7, 'test2', 'GBP', '99.443', '2018-06-14 17:11:31'),
(8, 'test2', 'USD', '16.202', '2018-06-14 17:11:42'),
(9, 'test3', 'GBP', '80.347', '2018-06-14 17:12:13'),
(10, 'test3', 'EUR', '97.637', '2018-06-14 17:12:17'),
(11, 'test3', 'USD', '122.880', '2018-06-14 17:12:22'),
(13, 'test7', 'GBP', '263.713', '2018-06-14 17:18:15'),
(14, 'test10', 'DKK', '911.081', '2018-06-14 17:19:22'),
(15, 'test10', 'EUR', '172.384', '2018-06-14 17:19:34');

-- --------------------------------------------------------

--
-- Dumping data for table `hof`
--

INSERT INTO `hof` (`username`, `user_id`, `credit`, `updated_at`) VALUES
('test10', 17, 1000.00, '2018-06-14 17:19:34'),
('test11', 18, 0.00, '2018-06-14 17:19:58'),
('test3', 10, 4821.10, '2018-06-14 17:15:13'),
('test4', 11, 300.00, '2018-06-14 17:17:08'),
('test5', 12, 700.00, '2018-06-14 17:17:23'),
('test6', 13, 150.00, '2018-06-14 17:17:39'),
('test7', 14, 1000.00, '2018-06-14 17:18:15'),
('test8', 15, 100.00, '2018-06-14 17:18:31'),
('test9', 16, 769.00, '2018-06-14 17:18:50');

-- --------------------------------------------------------

--
-- Dumping data for table `transactions`
--

INSERT INTO `transactions` (`id`, `username`, `FCUR`, `TCUR`, `result`, `created_at`) VALUES
(20, 'test3', 'RON', 'GBP', -500.000, '2018-06-14 17:12:14'),
(21, 'test3', 'RON', 'EUR', -500.000, '2018-06-14 17:12:17'),
(22, 'test3', 'RON', 'USD', -500.000, '2018-06-14 17:12:22'),
(23, 'test3', 'RON', 'DKK', -500.000, '2018-06-14 17:12:42'),
(24, 'test3', 'RON', 'DKK', -500.000, '2018-06-14 17:12:47'),
(25, 'test3', 'DKK', 'RON', 4321.101, '2018-06-14 17:15:13'),
(26, 'test7', 'RON', 'GBP', -1500.000, '2018-06-14 17:18:15'),
(27, 'test10', 'RON', 'DKK', -666.000, '2018-06-14 17:19:22'),
(28, 'test10', 'RON', 'EUR', -1000.000, '2018-06-14 17:19:34');

-- --------------------------------------------------------

--
-- Dumping data for table `users`
--

INSERT INTO `users` (`ID`, `username`, `password`, `email`, `role`, `created_at`, `updated_at`) VALUES
(10, 'test3', '8ad8757baa8564dc136c1e07507f4a98', 'test3@test.com', 'user', '2018-06-13 11:35:54', '2018-06-13 11:35:54'),
(11, 'test4', '86985e105f79b95d6bc918fb45ec7727', 'test4@test.com', 'user', '2018-06-14 17:16:58', '2018-06-14 17:16:58'),
(12, 'test5', 'e3d704f3542b44a621ebed70dc0efe13', 'test5@test.com', 'user', '2018-06-14 17:17:19', '2018-06-14 17:17:19'),
(13, 'test6', '4cfad7076129962ee70c36839a1e3e15', 'test6@test.com', 'user', '2018-06-14 17:17:35', '2018-06-14 17:17:35'),
(14, 'test7', 'b04083e53e242626595e2b8ea327e525', 'test7@test.com', 'user', '2018-06-14 17:18:01', '2018-06-14 17:18:01'),
(15, 'test8', '5e40d09fa0529781afd1254a42913847', 'test8@test.com', 'user', '2018-06-14 17:18:27', '2018-06-14 17:18:27'),
(16, 'test9', '739969b53246b2c727850dbb3490ede6', 'test9@test.com', 'user', '2018-06-14 17:18:45', '2018-06-14 17:18:45'),
(17, 'test10', 'c1a8e059bfd1e911cf10b626340c9a54', 'test10@test.com', 'user', '2018-06-14 17:19:04', '2018-06-14 17:19:04'),
(18, 'test11', 'f696282aa4cd4f614aa995190cf442fe', 'test11@test.com', 'user', '2018-06-14 17:19:58', '2018-06-14 17:19:58');